{"mae": 316.8, "r2": -1.7511, "gouvernorats": ["Tunis"], "secteurs": ["Agroalimentaire", "Autre", "Banque", "Tech/IT", "Telecom"], "paiements": ["Virement"], "saisons": ["Automne", "Hiver", "Printemps", "Été"], "features": ["gov_enc", "sec_enc", "pay_enc", "canal_enc", "sais_enc", "mois", "trimestre", "is_ramadan", "quantite", "qty_log", "ca_cumul_client", "nb_cmd_client"], "feature_importance": {"gov_enc": 0.0, "sec_enc": 0.048500001430511475, "pay_enc": 0.0, "canal_enc": 0.0, "sais_enc": 0.062199998646974564, "mois": 0.15919999778270721, "trimestre": 0.38940000534057617, "is_ramadan": 0.007799999788403511, "quantite": 0.12129999697208405, "qty_log": 0.18719999492168427, "ca_cumul_client": 0.015399999916553497, "nb_cmd_client": 0.009100000374019146}, "n_transactions": 126, "n_clients_b2b": 21}